Brand,Model,Price,Display,Battery,WaterResistance,Connectivity,Sensors,Description
Apple,Watch Ultra 2,799,Always-On Retina OLED 3000nits,36 Hours (72h Low Power),100m (Dive ready EN13319),LTE/WiFi/BT/GPS/NFC,"ECG, SpO2, Temp, Depth Gauge, Siren",The most rugged and capable Apple Watch. Designed for outdoor adventure and supercharged workouts with a lightweight titanium case. Features precision dual-frequency GPS and a depth gauge for scuba diving.
Apple,Watch Series 9,399,Always-On Retina OLED 2000nits,18 Hours (36h Low Power),50m (Swimproof),LTE/WiFi/BT/GPS/NFC,"ECG, SpO2, Temp, HR, Crash Detection",S9 SiP chip enables a super bright display and a magical new double tap gesture. Advanced health sensors for ECG and blood oxygen.
Apple,Watch SE 2,249,Retina OLED 1000nits,18 Hours,50m (Swimproof),LTE/WiFi/BT/GPS/NFC,"HR, Fall Detection, Crash Detection, Compass",All the essentials to help you stay motivated and active. Great value for the Apple ecosystem with Family Setup support.
Samsung,Galaxy Watch 6 Classic,399,Super AMOLED Sapphire,40 Hours,IP68 + 5ATM,LTE/WiFi/BT/GPS/NFC,"BIA, ECG, HR, Sleep, Temp, Fall Detection",The rotating bezel is back. Looks like a classic timepiece but tracks your health and wellness. detailed sleep coaching.
Samsung,Galaxy Watch 6,299,Super AMOLED Sapphire,40 Hours,IP68 + 5ATM,LTE/WiFi/BT/GPS/NFC,"BIA, ECG, HR, Sleep, Temp",Start your everyday wellness journey. Keeps track of your sleep heart rate and body composition with a slim and stylish design.
Samsung,Galaxy Watch 5 Pro,449,Super AMOLED Sapphire,80 Hours,IP68 + 5ATM,LTE/WiFi/BT/GPS/NFC,"BIA, ECG, HR, Blood Pressure",Designed for the great outdoors. Titanium casing and sapphire crystal display. GPX route tracking and track back feature.
Garmin,Fenix 7 Pro Solar,799,MIP Solar Charging,22 Days (Solar),10 ATM (100m),BT/ANT+/WiFi/GPS/NFC,"HR, Pulse Ox, ABC Sensors, Endurance Score",The ultimate multisport GPS smartwatch designed to perform all day. Solar charging extends battery life significantly. Built-in LED flashlight.
Garmin,Epix Pro Gen 2,899,AMOLED Sapphire,16 Days,10 ATM (100m),BT/ANT+/WiFi/GPS/NFC,"HR, Pulse Ox, ECG app, Hill Score",Conquer every hour of the day with advanced training features and a stunning AMOLED display. Red Shift mode for night vision.
Garmin,Venu 3,449,AMOLED,14 Days,5 ATM (Swim),BT/WiFi/GPS/NFC,"HR, Sleep Coach, Nap Detection, Wheelchair Mode",Know the real you. Purpose-built with advanced health and fitness features and ability to make calls. Detailed sleep coaching.
Garmin,Forerunner 965,599,AMOLED Titanium Bezel,23 Days,5 ATM,BT/WiFi/GPS/NFC,"HR, HRV Status, Running Dynamics, Maps",Train brilliantly. Premium running watch with colorful map display and advanced metrics. Lightweight titanium bezel.
Garmin,Forerunner 265,449,AMOLED,13 Days,5 ATM,BT/WiFi/GPS/NFC,"HR, Training Readiness, Morning Report",Train brilliantly with an AMOLED display. Get a morning report and training readiness score to see if you're up for a hard session.
Garmin,Instinct 2X Solar,449,MIP Monochrome,Unlimited (Solar),10 ATM,BT/ANT+/GPS/NFC,"HR, SpO2, ABC, Tactical Mode",Rugged GPS smartwatch. Solar charging keeps you going with infinite battery life in smartwatch mode. Built to US Military standard 810.
Fitbit,Charge 6,159,AMOLED Color,7 Days,50m,BT/GPS/NFC,"ECG, SpO2, EDA Scan, HR",Give your routine a boost with the only fitness tracker with Google built-in. Includes YouTube Music controls and Google Maps.
Fitbit,Sense 2,249,AMOLED,6 Days,50m,BT/GPS/NFC,"cEDA, ECG, SpO2, HR, Temp",Learn to manage stress and sleep better. Our most advanced health and fitness smartwatch with continuous stress detection.
Fitbit,Versa 4,199,AMOLED,6 Days,50m,BT/GPS/NFC,"HR, SpO2, Sleep, Daily Readiness",Get better results from your workout routine with Versa 4. Thin and lightweight design for all-day comfort.
Google,Pixel Watch 2,349,AMOLED 1000nits,24 Hours,5 ATM,LTE/WiFi/BT/GPS/NFC,"HR, cEDA, Skin Temp, SpO2",The best of Google and Fitbit. Safety features like Fall Detection and Emergency SOS. Improved heart rate tracking.
Huawei,Watch GT 4,249,AMOLED,14 Days,5 ATM,BT/GPS/NFC,"HR, SpO2, Stress, Sleep, Calorie Management",Geometric Aesthetics. All-new Calorie Management and pro-level health management. Compatible with both iOS and Android.
Huawei,Watch Ultimate,799,LTPO AMOLED Sapphire,14 Days,10 ATM (Dive 100m),BT/GPS/NFC,"ECG, Arterial Stiffness, SpO2, Depth Gauge",A masterpiece of metallurgy with Zirconium-based liquid metal case. Expedition mode and professional diving mode.
Huawei,Watch D,399,AMOLED,7 Days,IP68,BT/GPS/NFC,"Blood Pressure, ECG, HR",Wrist ECG and Blood Pressure Recorder with mini pump and airbag. Clinical-grade accuracy.
Amazfit,GTR 4,199,AMOLED Tempered Glass,14 Days,5 ATM,BT/WiFi/GPS,"BioTracker 4.0, SpO2, HR, Stress",Smart Fitness Made Easy. Industry-leading dual-band GPS technology and classic round design.
Amazfit,T-Rex Ultra,399,AMOLED 1000nits,20 Days,10 ATM (Freediving),BT/WiFi/GPS,"HR, SpO2, Stress, Altitude, Compass",The Ultimate Outdoor GPS Smartwatch. Stainless steel and mud-resistant design. Supports freediving to 30m.
Amazfit,Cheetah Pro,299,AMOLED,14 Days,5 ATM,BT/WiFi/GPS,"HR, BioTracker, GPS, AI Coach",The Chat AI Coaching running watch. Maximize your performance with personalized training plans and precise GPS.
Amazfit,Balance,229,AMOLED,14 Days,5 ATM,BT/WiFi/GPS/NFC,"Body Composition, HR, SpO2, Mental Readiness",Your guide to holistic health. Measures body composition and mental readiness scores.
Suunto,Vertical,839,Matrix Solar Sapphire,60 Days (Solar),100m,BT/GPS/WiFi,"HR, SpO2, Barometer, Altimeter",Large screen adventure watch for outdoor expeditions with solar charging. Offline maps and advanced weather forecast.
Suunto,Race,449,AMOLED Sapphire,26 Days,100m,BT/GPS/WiFi,"HR, HRV, Barometer, Sleep",The performance watch with AMOLED display and digital crown for fast browsing. Detailed HRV recovery measurement.
Suunto,9 Peak Pro,499,Matrix Sapphire,21 Days,100m,BT/GPS,"HR, SpO2, Depth Meter (10m)",Ultra-thin and tough GPS multisport watch with extended battery life. Minimalistic Nordic design.
Polar,Vantage V3,599,AMOLED curved,8 Days,50m,BT/GPS,"Elixir Biosensing, ECG, SpO2, Skin Temp",Biosensing capabilities, AMOLED display, dual-frequency GPS, maps, and comprehensive suite of training and recovery tools.
Polar,Pacer Pro,299,MIP,35 Hours (GPS),50m,BT/GPS,"HR, Barometer, Compass, VO2max",Advanced running watch that gives you some serious training tools. Built-in barometer for running power.
Polar,Grit X2 Pro,749,AMOLED Sapphire,10 Days,100m,BT/GPS,"ECG, SpO2, Skin Temp, Vertical Speed",Rugged outdoor watch built for durability. Offline maps and scratch-resistant sapphire crystal.
Coros,Pace 3,229,LCD,24 Days,5 ATM,BT/WiFi/GPS,"HR, SpO2, Barometer",The GPS sports watch for multi-sport athletes. Lightweight and comfortable for all-day wear. Dual-frequency GPS.
Coros,Vertix 2,699,LCD Sapphire,60 Days,10 ATM,BT/WiFi/GPS,"HR, ECG, SpO2, Insta360 Control",Adventure watch with massive battery life and offline mapping. Communicates with all 5 major satellite systems.
Coros,Apex 2 Pro,449,Sapphire,30 Days,5 ATM,BT/WiFi/GPS,"HR, SpO2, ECG, HRV",Designed for performance over all types of terrain. Titanium alloy bezel and sapphire glass screen.
Withings,ScanWatch 2,349,Grayscale OLED,30 Days,5 ATM,BT/LE,"ECG, Temp, SpO2, HR",Hybrid smartwatch with 24/7 temperature tracking. ECG, SpO2, and activity tracking in a classic analog watch design.
Withings,ScanWatch Horizon,499,PMOLED,30 Days,10 ATM,BT/LE,"ECG, SpO2, HR",Luxury diver hybrid smartwatch. Water-resistant to 10 ATM with rotating bezel and luminova indices.
Withings,ScanWatch Nova,599,OLED,30 Days,10 ATM,BT/LE,"ECG, SpO2, Temp, HR",Luxury hybrid smartwatch with diver style. Ceramic rotating bezel and sapphire glass.
Mobvoi,TicWatch Pro 5,349,OLED + FSTN (Dual Layer),80 Hours,5 ATM,BT/WiFi/GPS/NFC,"HR, SpO2, Compass, Barometer",Designed for the rugged outdoors. US Military Standard 810H. Snapdragon W5+ Gen 1 platform with long battery life.
OnePlus,Watch 2,299,AMOLED Sapphire,100 Hours,5 ATM + IP68,BT/WiFi/GPS/NFC,"HR, SpO2, Stress",Dual-Engine Architecture for extended battery life. Sapphire crystal face and stainless steel chassis. Precision GPS.
Xiaomi,Watch 2 Pro,269,AMOLED,65 Hours,5 ATM,LTE/BT/WiFi/GPS/NFC,"Body Comp, HR, SpO2",Google Wear OS experience. Snapdragon W5+ Gen 1 processor. LTE connectivity and body composition tracking.
Tag Heuer,Connected Calibre E4,1800,OLED Sapphire,1 Day,50m,BT/WiFi/GPS/NFC,"HR, Compass, Accelerometer, Altimeter",Luxury smartwatch with a steel case and ceramic bezel. High-resolution touchscreen and exclusive sports apps.
Montblanc,Summit 3,1290,AMOLED Sapphire,1 Day,50m,BT/WiFi/GPS/NFC,"HR, Cardio, Stress, Sleep",Luxury smartwatch combining premium materials with advanced smart features. Titanium case and calf leather strap.
Garmin,Lily 2,249,Hidden LCD,5 Days,5 ATM,BT/GPS (Connected),"HR, Pulse Ox, Respiration, Body Battery",The small, stylish smartwatch. With a hidden display and patterned lens, it's the accessory that keeps you connected.
Casio,G-SHOCK Move H5600,299,MIP LCD,35 Hours (Activity),20 ATM,BT/GPS,"HR, Accelerometer, Solar",Iconic G-SHOCK toughness with heart rate monitor and GPS. Solar-assisted charging and activity tracking.
Samsung,Galaxy Fit 3,79,AMOLED,13 Days,IP68 + 5ATM,BT,"HR, Sleep, Fall Detection",Budget fitness tracker with a large display and long battery life. Aluminum body.
Google,Pixel Watch,249,AMOLED,24 Hours,5 ATM,LTE/WiFi/BT/NFC,"HR, ECG, Sleep",Beautiful circular design with the best of Google. Deep integration with Fitbit health tracking.
Fossil,Gen 6 Wellness Edition,299,AMOLED,24 Hours,3 ATM,BT/WiFi/GPS/NFC,"HR, SpO2, Sleep, Cardio Fitness",Wear OS by Google. Tracks heart rate, sleep, and SpO2. Always-on display with thousands of watch faces.
Suunto,Wing,199,Headphones,10 Hours,IP67,BT,"Head Movement Control",Bone conduction headphones with LED lights for safety. Not a watch but a wearable companion.
Whoop,4.0,239,None,5 Days,IP68,BT,"HR, HRV, Skin Temp, Sleep",Screen-less fitness tracker focused purely on recovery and strain. Requires subscription.
Oura,Ring Gen 3,299,None,7 Days,100m,BT,"HR, HRV, Temp, SpO2, Sleep",Smart ring that tracks sleep and readiness. Titanium durability.
Garmin,Approach S70,699,AMOLED,16 Days,5 ATM,BT/WiFi/GPS,"Golf Courses, HR, Swing Tempo",Premium golf watch with 43000 preloaded courses and a bright AMOLED display.
Garmin,Quatix 7,699,AMOLED,16 Days,10 ATM,BT/WiFi/GPS,"Boat Data, Autopilot Control, HR",Marine GPS smartwatch with comprehensive boat connectivity.
